pT,label,z,D
3,IC (μ=mc),0.05,0.0380221
3,IC (μ=mc),0.0547739,0.0420242
3,IC (μ=mc),0.0595477,0.0460962
3,IC (μ=mc),0.0643216,0.0502391
3,IC (μ=mc),0.0690955,0.0544543
3,IC (μ=mc),0.0738693,0.058743
3,IC (μ=mc),0.0786432,0.0631067
3,IC (μ=mc),0.0834171,0.0675466
3,IC (μ=mc),0.0881909,0.0720641
3,IC (μ=mc),0.0929648,0.0766607
3,IC (μ=mc),0.0977386,0.0813377
3,IC (μ=mc),0.102513,0.0860965
3,IC (μ=mc),0.107286,0.0909388
3,IC (μ=mc),0.11206,0.0958659
3,IC (μ=mc),0.116834,0.100879
3,IC (μ=mc),0.121608,0.105981
3,IC (μ=mc),0.126382,0.111172
3,IC (μ=mc),0.131156,0.116454
3,IC (μ=mc),0.13593,0.121828
3,IC (μ=mc),0.140703,0.127298
3,IC (μ=mc),0.145477,0.132863
3,IC (μ=mc),0.150251,0.138526
3,IC (μ=mc),0.155025,0.144288
3,IC (μ=mc),0.159799,0.150152
3,IC (μ=mc),0.164573,0.156119
3,IC (μ=mc),0.169347,0.162191
3,IC (μ=mc),0.17412,0.16837
3,IC (μ=mc),0.178894,0.174657
3,IC (μ=mc),0.183668,0.181055
3,IC (μ=mc),0.188442,0.187566
3,IC (μ=mc),0.193216,0.194191
3,IC (μ=mc),0.19799,0.200933
3,IC (μ=mc),0.202764,0.207793
3,IC (μ=mc),0.207538,0.214773
3,IC (μ=mc),0.212311,0.221877
3,IC (μ=mc),0.217085,0.229105
3,IC (μ=mc),0.221859,0.23646
3,IC (μ=mc),0.226633,0.243944
3,IC (μ=mc),0.231407,0.251559
3,IC (μ=mc),0.236181,0.259308
3,IC (μ=mc),0.240955,0.267192
3,IC (μ=mc),0.245728,0.275215
3,IC (μ=mc),0.250502,0.283377
3,IC (μ=mc),0.255276,0.291683
3,IC (μ=mc),0.26005,0.300133
3,IC (μ=mc),0.264824,0.30873
3,IC (μ=mc),0.269598,0.317477
3,IC (μ=mc),0.274372,0.326376
3,IC (μ=mc),0.279145,0.33543
3,IC (μ=mc),0.283919,0.34464
3,IC (μ=mc),0.288693,0.35401
3,IC (μ=mc),0.293467,0.363541
3,IC (μ=mc),0.298241,0.373236
3,IC (μ=mc),0.303015,0.383098
3,IC (μ=mc),0.307789,0.393129
3,IC (μ=mc),0.312563,0.403331
3,IC (μ=mc),0.317336,0.413708
3,IC (μ=mc),0.32211,0.42426
3,IC (μ=mc),0.326884,0.434992
3,IC (μ=mc),0.331658,0.445905
3,IC (μ=mc),0.336432,0.457001
3,IC (μ=mc),0.341206,0.468283
3,IC (μ=mc),0.34598,0.479754
3,IC (μ=mc),0.350753,0.491415
3,IC (μ=mc),0.355527,0.50327
3,IC (μ=mc),0.360301,0.515319
3,IC (μ=mc),0.365075,0.527566
3,IC (μ=mc),0.369849,0.540012
3,IC (μ=mc),0.374623,0.55266
3,IC (μ=mc),0.379397,0.565511
3,IC (μ=mc),0.384171,0.578567
3,IC (μ=mc),0.388944,0.591831
3,IC (μ=mc),0.393718,0.605304
3,IC (μ=mc),0.398492,0.618987
3,IC (μ=mc),0.403266,0.632882
3,IC (μ=mc),0.40804,0.64699
3,IC (μ=mc),0.412814,0.661313
3,IC (μ=mc),0.417588,0.675851
3,IC (μ=mc),0.422361,0.690606
3,IC (μ=mc),0.427135,0.705578
3,IC (μ=mc),0.431909,0.720767
3,IC (μ=mc),0.436683,0.736174
3,IC (μ=mc),0.441457,0.751799
3,IC (μ=mc),0.446231,0.767642
3,IC (μ=mc),0.451005,0.783701
3,IC (μ=mc),0.455778,0.799977
3,IC (μ=mc),0.460552,0.816468
3,IC (μ=mc),0.465326,0.833173
3,IC (μ=mc),0.4701,0.850089
3,IC (μ=mc),0.474874,0.867215
3,IC (μ=mc),0.479648,0.884548
3,IC (μ=mc),0.484422,0.902085
3,IC (μ=mc),0.489196,0.919822
3,IC (μ=mc),0.493969,0.937756
3,IC (μ=mc),0.498743,0.955881
3,IC (μ=mc),0.503517,0.974193
3,IC (μ=mc),0.508291,0.992686
3,IC (μ=mc),0.513065,1.01135
3,IC (μ=mc),0.517839,1.03019
3,IC (μ=mc),0.522613,1.04918
3,IC (μ=mc),0.527386,1.06833
3,IC (μ=mc),0.53216,1.08761
3,IC (μ=mc),0.536934,1.10703
3,IC (μ=mc),0.541708,1.12657
3,IC (μ=mc),0.546482,1.14621
3,IC (μ=mc),0.551256,1.16595
3,IC (μ=mc),0.55603,1.18578
3,IC (μ=mc),0.560803,1.20566
3,IC (μ=mc),0.565577,1.2256
3,IC (μ=mc),0.570351,1.24557
3,IC (μ=mc),0.575125,1.26555
3,IC (μ=mc),0.579899,1.28553
3,IC (μ=mc),0.584673,1.30548
3,IC (μ=mc),0.589447,1.32537
3,IC (μ=mc),0.594221,1.34519
3,IC (μ=mc),0.598994,1.36491
3,IC (μ=mc),0.603768,1.3845
3,IC (μ=mc),0.608542,1.40394
3,IC (μ=mc),0.613316,1.42318
3,IC (μ=mc),0.61809,1.44221
3,IC (μ=mc),0.622864,1.46098
3,IC (μ=mc),0.627638,1.47946
3,IC (μ=mc),0.632411,1.49761
3,IC (μ=mc),0.637185,1.5154
3,IC (μ=mc),0.641959,1.53277
3,IC (μ=mc),0.646733,1.54969
3,IC (μ=mc),0.651507,1.56612
3,IC (μ=mc),0.656281,1.582
3,IC (μ=mc),0.661055,1.59729
3,IC (μ=mc),0.665828,1.61193
3,IC (μ=mc),0.670602,1.62588
3,IC (μ=mc),0.675376,1.63907
3,IC (μ=mc),0.68015,1.65146
3,IC (μ=mc),0.684924,1.66299
3,IC (μ=mc),0.689698,1.67359
3,IC (μ=mc),0.694472,1.68321
3,IC (μ=mc),0.699246,1.69179
3,IC (μ=mc),0.704019,1.69926
3,IC (μ=mc),0.708793,1.70556
3,IC (μ=mc),0.713567,1.71063
3,IC (μ=mc),0.718341,1.7144
3,IC (μ=mc),0.723115,1.71681
3,IC (μ=mc),0.727889,1.7178
3,IC (μ=mc),0.732663,1.7173
3,IC (μ=mc),0.737436,1.71526
3,IC (μ=mc),0.74221,1.7116
3,IC (μ=mc),0.746984,1.70629
3,IC (μ=mc),0.751758,1.69925
3,IC (μ=mc),0.756532,1.69043
3,IC (μ=mc),0.761306,1.6798
3,IC (μ=mc),0.76608,1.66729
3,IC (μ=mc),0.770854,1.65288
3,IC (μ=mc),0.775627,1.63652
3,IC (μ=mc),0.780401,1.61818
3,IC (μ=mc),0.785175,1.59785
3,IC (μ=mc),0.789949,1.57551
3,IC (μ=mc),0.794723,1.55115
3,IC (μ=mc),0.799497,1.52476
3,IC (μ=mc),0.804271,1.49637
3,IC (μ=mc),0.809044,1.46598
3,IC (μ=mc),0.813818,1.43362
3,IC (μ=mc),0.818592,1.39934
3,IC (μ=mc),0.823366,1.36319
3,IC (μ=mc),0.82814,1.32522
3,IC (μ=mc),0.832914,1.28552
3,IC (μ=mc),0.837688,1.24416
3,IC (μ=mc),0.842461,1.20125
3,IC (μ=mc),0.847235,1.15689
3,IC (μ=mc),0.852009,1.1112
3,IC (μ=mc),0.856783,1.06433
3,IC (μ=mc),0.861557,1.01641
3,IC (μ=mc),0.866331,0.967604
3,IC (μ=mc),0.871105,0.918074
3,IC (μ=mc),0.875879,0.867997
3,IC (μ=mc),0.880652,0.817558
3,IC (μ=mc),0.885426,0.766949
3,IC (μ=mc),0.8902,0.716371
3,IC (μ=mc),0.894974,0.666027
3,IC (μ=mc),0.899748,0.616127
3,IC (μ=mc),0.904522,0.566879
3,IC (μ=mc),0.909296,0.518498
3,IC (μ=mc),0.914069,0.471194
3,IC (μ=mc),0.918843,0.425175
3,IC (μ=mc),0.923617,0.380648
3,IC (μ=mc),0.928391,0.337811
3,IC (μ=mc),0.933165,0.296857
3,IC (μ=mc),0.937939,0.257969
3,IC (μ=mc),0.942713,0.22132
3,IC (μ=mc),0.947486,0.187072
3,IC (μ=mc),0.95226,0.155374
3,IC (μ=mc),0.957034,0.126358
3,IC (μ=mc),0.961808,0.100144
3,IC (μ=mc),0.966582,0.0768353
3,IC (μ=mc),0.971356,0.0565168
3,IC (μ=mc),0.97613,0.0392573
3,IC (μ=mc),0.980904,0.0251076
3,IC (μ=mc),0.985677,0.0141006
3,IC (μ=mc),0.990451,0.00625149
3,IC (μ=mc),0.995225,0.00155783
3,IC (μ=mc),0.999999,6.80326e-11
3,μ=0.5*mt=1.677,0.05,0.0624104
3,μ=0.5*mt=1.677,0.0547739,0.0665701
3,μ=0.5*mt=1.677,0.0595477,0.0707808
3,μ=0.5*mt=1.677,0.0643216,0.0750922
3,μ=0.5*mt=1.677,0.0690955,0.0795181
3,μ=0.5*mt=1.677,0.0738693,0.0840347
3,μ=0.5*mt=1.677,0.0786432,0.0886208
3,μ=0.5*mt=1.677,0.0834171,0.0932745
3,μ=0.5*mt=1.677,0.0881909,0.0979996
3,μ=0.5*mt=1.677,0.0929648,0.102804
3,μ=0.5*mt=1.677,0.0977386,0.107702
3,μ=0.5*mt=1.677,0.102513,0.112701
3,μ=0.5*mt=1.677,0.107286,0.117792
3,μ=0.5*mt=1.677,0.11206,0.122956
3,μ=0.5*mt=1.677,0.116834,0.128193
3,μ=0.5*mt=1.677,0.121608,0.133519
3,μ=0.5*mt=1.677,0.126382,0.138951
3,μ=0.5*mt=1.677,0.131156,0.144486
3,μ=0.5*mt=1.677,0.13593,0.150114
3,μ=0.5*mt=1.677,0.140703,0.155831
3,μ=0.5*mt=1.677,0.145477,0.16164
3,μ=0.5*mt=1.677,0.150251,0.167546
3,μ=0.5*mt=1.677,0.155025,0.173551
3,μ=0.5*mt=1.677,0.159799,0.179654
3,μ=0.5*mt=1.677,0.164573,0.185859
3,μ=0.5*mt=1.677,0.169347,0.192167
3,μ=0.5*mt=1.677,0.17412,0.19858
3,μ=0.5*mt=1.677,0.178894,0.205099
3,μ=0.5*mt=1.677,0.183668,0.211726
3,μ=0.5*mt=1.677,0.188442,0.218462
3,μ=0.5*mt=1.677,0.193216,0.225311
3,μ=0.5*mt=1.677,0.19799,0.232277
3,μ=0.5*mt=1.677,0.202764,0.239362
3,μ=0.5*mt=1.677,0.207538,0.246571
3,μ=0.5*mt=1.677,0.212311,0.253905
3,μ=0.5*mt=1.677,0.217085,0.26136
3,μ=0.5*mt=1.677,0.221859,0.268933
3,μ=0.5*mt=1.677,0.226633,0.276621
3,μ=0.5*mt=1.677,0.231407,0.284429
3,μ=0.5*mt=1.677,0.236181,0.29236
3,μ=0.5*mt=1.677,0.240955,0.300431
3,μ=0.5*mt=1.677,0.245728,0.308653
3,μ=0.5*mt=1.677,0.250502,0.317023
3,μ=0.5*mt=1.677,0.255276,0.325523
3,μ=0.5*mt=1.677,0.26005,0.334146
3,μ=0.5*mt=1.677,0.264824,0.342903
3,μ=0.5*mt=1.677,0.269598,0.35181
3,μ=0.5*mt=1.677,0.274372,0.360869
3,μ=0.5*mt=1.677,0.279145,0.370078
3,μ=0.5*mt=1.677,0.283919,0.379434
3,μ=0.5*mt=1.677,0.288693,0.388938
3,μ=0.5*mt=1.677,0.293467,0.39859
3,μ=0.5*mt=1.677,0.298241,0.408397
3,μ=0.5*mt=1.677,0.303015,0.418367
3,μ=0.5*mt=1.677,0.307789,0.428505
3,μ=0.5*mt=1.677,0.312563,0.438807
3,μ=0.5*mt=1.677,0.317336,0.449266
3,μ=0.5*mt=1.677,0.32211,0.459885
3,μ=0.5*mt=1.677,0.326884,0.470674
3,μ=0.5*mt=1.677,0.331658,0.481642
3,μ=0.5*mt=1.677,0.336432,0.492786
3,μ=0.5*mt=1.677,0.341206,0.504101
3,μ=0.5*mt=1.677,0.34598,0.515589
3,μ=0.5*mt=1.677,0.350753,0.527251
3,μ=0.5*mt=1.677,0.355527,0.539091
3,μ=0.5*mt=1.677,0.360301,0.551114
3,μ=0.5*mt=1.677,0.365075,0.563325
3,μ=0.5*mt=1.677,0.369849,0.575722
3,μ=0.5*mt=1.677,0.374623,0.588298
3,μ=0.5*mt=1.677,0.379397,0.601049
3,μ=0.5*mt=1.677,0.384171,0.613983
3,μ=0.5*mt=1.677,0.388944,0.627112
3,μ=0.5*mt=1.677,0.393718,0.64044
3,μ=0.5*mt=1.677,0.398492,0.653967
3,μ=0.5*mt=1.677,0.403266,0.667688
3,μ=0.5*mt=1.677,0.40804,0.681603
3,μ=0.5*mt=1.677,0.412814,0.695713
3,μ=0.5*mt=1.677,0.417588,0.710017
3,μ=0.5*mt=1.677,0.422361,0.724515
3,μ=0.5*mt=1.677,0.427135,0.739208
3,μ=0.5*mt=1.677,0.431909,0.754086
3,μ=0.5*mt=1.677,0.436683,0.769135
3,μ=0.5*mt=1.677,0.441457,0.784362
3,μ=0.5*mt=1.677,0.446231,0.799793
3,μ=0.5*mt=1.677,0.451005,0.815453
3,μ=0.5*mt=1.677,0.455778,0.831324
3,μ=0.5*mt=1.677,0.460552,0.847378
3,μ=0.5*mt=1.677,0.465326,0.863593
3,μ=0.5*mt=1.677,0.4701,0.879967
3,μ=0.5*mt=1.677,0.474874,0.896497
3,μ=0.5*mt=1.677,0.479648,0.913202
3,μ=0.5*mt=1.677,0.484422,0.930106
3,μ=0.5*mt=1.677,0.489196,0.947212
3,μ=0.5*mt=1.677,0.493969,0.964487
3,μ=0.5*mt=1.677,0.498743,0.981899
3,μ=0.5*mt=1.677,0.503517,0.999439
3,μ=0.5*mt=1.677,0.508291,1.01711
3,μ=0.5*mt=1.677,0.513065,1.03492
3,μ=0.5*mt=1.677,0.517839,1.05287
3,μ=0.5*mt=1.677,0.522613,1.07095
3,μ=0.5*mt=1.677,0.527386,1.08915
3,μ=0.5*mt=1.677,0.53216,1.10745
3,μ=0.5*mt=1.677,0.536934,1.12582
3,μ=0.5*mt=1.677,0.541708,1.14427
3,μ=0.5*mt=1.677,0.546482,1.1628
3,μ=0.5*mt=1.677,0.551256,1.18137
3,μ=0.5*mt=1.677,0.55603,1.19998
3,μ=0.5*mt=1.677,0.560803,1.2186
3,μ=0.5*mt=1.677,0.565577,1.23722
3,μ=0.5*mt=1.677,0.570351,1.25585
3,μ=0.5*mt=1.677,0.575125,1.27444
3,μ=0.5*mt=1.677,0.579899,1.29298
3,μ=0.5*mt=1.677,0.584673,1.31144
3,μ=0.5*mt=1.677,0.589447,1.32979
3,μ=0.5*mt=1.677,0.594221,1.34804
3,μ=0.5*mt=1.677,0.598994,1.36615
3,μ=0.5*mt=1.677,0.603768,1.38406
3,μ=0.5*mt=1.677,0.608542,1.40175
3,μ=0.5*mt=1.677,0.613316,1.4192
3,μ=0.5*mt=1.677,0.61809,1.43644
3,μ=0.5*mt=1.677,0.622864,1.45341
3,μ=0.5*mt=1.677,0.627638,1.47002
3,μ=0.5*mt=1.677,0.632411,1.4862
3,μ=0.5*mt=1.677,0.637185,1.50196
3,μ=0.5*mt=1.677,0.641959,1.51732
3,μ=0.5*mt=1.677,0.646733,1.53224
3,μ=0.5*mt=1.677,0.651507,1.54661
3,μ=0.5*mt=1.677,0.656281,1.56036
3,μ=0.5*mt=1.677,0.661055,1.57345
3,μ=0.5*mt=1.677,0.665828,1.58588
3,μ=0.5*mt=1.677,0.670602,1.59762
3,μ=0.5*mt=1.677,0.675376,1.60864
3,μ=0.5*mt=1.677,0.68015,1.6189
3,μ=0.5*mt=1.677,0.684924,1.62823
3,μ=0.5*mt=1.677,0.689698,1.63648
3,μ=0.5*mt=1.677,0.694472,1.64365
3,μ=0.5*mt=1.677,0.699246,1.64995
3,μ=0.5*mt=1.677,0.704019,1.65546
3,μ=0.5*mt=1.677,0.708793,1.65982
3,μ=0.5*mt=1.677,0.713567,1.66257
3,μ=0.5*mt=1.677,0.718341,1.66371
3,μ=0.5*mt=1.677,0.723115,1.66376
3,μ=0.5*mt=1.677,0.727889,1.66311
3,μ=0.5*mt=1.677,0.732663,1.6612
3,μ=0.5*mt=1.677,0.737436,1.65728
3,μ=0.5*mt=1.677,0.74221,1.65113
3,μ=0.5*mt=1.677,0.746984,1.64334
3,μ=0.5*mt=1.677,0.751758,1.63437
3,μ=0.5*mt=1.677,0.756532,1.62409
3,μ=0.5*mt=1.677,0.761306,1.61214
3,μ=0.5*mt=1.677,0.76608,1.59825
3,μ=0.5*mt=1.677,0.770854,1.58234
3,μ=0.5*mt=1.677,0.775627,1.56437
3,μ=0.5*mt=1.677,0.780401,1.5446
3,μ=0.5*mt=1.677,0.785175,1.5234
3,μ=0.5*mt=1.677,0.789949,1.50077
3,μ=0.5*mt=1.677,0.794723,1.47619
3,μ=0.5*mt=1.677,0.799497,1.44918
3,μ=0.5*mt=1.677,0.804271,1.41995
3,μ=0.5*mt=1.677,0.809044,1.38898
3,μ=0.5*mt=1.677,0.813818,1.35655
3,μ=0.5*mt=1.677,0.818592,1.32257
3,μ=0.5*mt=1.677,0.823366,1.28697
3,μ=0.5*mt=1.677,0.82814,1.24973
3,μ=0.5*mt=1.677,0.832914,1.21093
3,μ=0.5*mt=1.677,0.837688,1.17061
3,μ=0.5*mt=1.677,0.842461,1.12878
3,μ=0.5*mt=1.677,0.847235,1.08546
3,μ=0.5*mt=1.677,0.852009,1.04096
3,μ=0.5*mt=1.677,0.856783,0.995729
3,μ=0.5*mt=1.677,0.861557,0.950053
3,μ=0.5*mt=1.677,0.866331,0.903925
3,μ=0.5*mt=1.677,0.871105,0.85728
3,μ=0.5*mt=1.677,0.875879,0.80989
3,μ=0.5*mt=1.677,0.880652,0.761439
3,μ=0.5*mt=1.677,0.885426,0.712102
3,μ=0.5*mt=1.677,0.8902,0.66319
3,μ=0.5*mt=1.677,0.894974,0.616052
3,μ=0.5*mt=1.677,0.899748,0.57065
3,μ=0.5*mt=1.677,0.904522,0.526057
3,μ=0.5*mt=1.677,0.909296,0.481569
3,μ=0.5*mt=1.677,0.914069,0.437086
3,μ=0.5*mt=1.677,0.918843,0.39267
3,μ=0.5*mt=1.677,0.923617,0.349343
3,μ=0.5*mt=1.677,0.928391,0.308798
3,μ=0.5*mt=1.677,0.933165,0.272057
3,μ=0.5*mt=1.677,0.937939,0.238186
3,μ=0.5*mt=1.677,0.942713,0.205949
3,μ=0.5*mt=1.677,0.947486,0.174804
3,μ=0.5*mt=1.677,0.95226,0.144759
3,μ=0.5*mt=1.677,0.957034,0.116159
3,μ=0.5*mt=1.677,0.961808,0.0904025
3,μ=0.5*mt=1.677,0.966582,0.0690081
3,μ=0.5*mt=1.677,0.971356,0.0519501
3,μ=0.5*mt=1.677,0.97613,0.0378706
3,μ=0.5*mt=1.677,0.980904,0.0257309
3,μ=0.5*mt=1.677,0.985677,0.0157901
3,μ=0.5*mt=1.677,0.990451,0.00855592
3,μ=0.5*mt=1.677,0.995225,0.00368041
3,μ=0.5*mt=1.677,0.999999,4.20848e-07
3,μ=1*mt=3.354,0.05,0.244512
3,μ=1*mt=3.354,0.0547739,0.245155
3,μ=1*mt=3.354,0.0595477,0.246172
3,μ=1*mt=3.354,0.0643216,0.247925
3,μ=1*mt=3.354,0.0690955,0.25049
3,μ=1*mt=3.354,0.0738693,0.253642
3,μ=1*mt=3.354,0.0786432,0.257171
3,μ=1*mt=3.354,0.0834171,0.261011
3,μ=1*mt=3.354,0.0881909,0.265131
3,μ=1*mt=3.354,0.0929648,0.269516
3,μ=1*mt=3.354,0.0977386,0.274164
3,μ=1*mt=3.354,0.102513,0.279064
3,μ=1*mt=3.354,0.107286,0.284169
3,μ=1*mt=3.354,0.11206,0.28942
3,μ=1*mt=3.354,0.116834,0.2948
3,μ=1*mt=3.354,0.121608,0.300344
3,μ=1*mt=3.354,0.126382,0.30608
3,μ=1*mt=3.354,0.131156,0.311991
3,μ=1*mt=3.354,0.13593,0.318041
3,μ=1*mt=3.354,0.140703,0.324208
3,μ=1*mt=3.354,0.145477,0.330493
3,μ=1*mt=3.354,0.150251,0.336895
3,μ=1*mt=3.354,0.155025,0.343412
3,μ=1*mt=3.354,0.159799,0.350038
3,μ=1*mt=3.354,0.164573,0.356772
3,μ=1*mt=3.354,0.169347,0.363614
3,μ=1*mt=3.354,0.17412,0.370562
3,μ=1*mt=3.354,0.178894,0.377617
3,μ=1*mt=3.354,0.183668,0.384778
3,μ=1*mt=3.354,0.188442,0.392046
3,μ=1*mt=3.354,0.193216,0.399426
3,μ=1*mt=3.354,0.19799,0.406923
3,μ=1*mt=3.354,0.202764,0.414541
3,μ=1*mt=3.354,0.207538,0.422284
3,μ=1*mt=3.354,0.212311,0.430148
3,μ=1*mt=3.354,0.217085,0.438112
3,μ=1*mt=3.354,0.221859,0.446155
3,μ=1*mt=3.354,0.226633,0.454273
3,μ=1*mt=3.354,0.231407,0.462476
3,μ=1*mt=3.354,0.236181,0.470776
3,μ=1*mt=3.354,0.240955,0.479206
3,μ=1*mt=3.354,0.245728,0.487792
3,μ=1*mt=3.354,0.250502,0.496513
3,μ=1*mt=3.354,0.255276,0.505314
3,μ=1*mt=3.354,0.26005,0.51417
3,μ=1*mt=3.354,0.264824,0.523116
3,μ=1*mt=3.354,0.269598,0.532191
3,μ=1*mt=3.354,0.274372,0.541398
3,μ=1*mt=3.354,0.279145,0.550717
3,μ=1*mt=3.354,0.283919,0.560129
3,μ=1*mt=3.354,0.288693,0.569638
3,μ=1*mt=3.354,0.293467,0.579246
3,μ=1*mt=3.354,0.298241,0.588961
3,μ=1*mt=3.354,0.303015,0.598791
3,μ=1*mt=3.354,0.307789,0.608741
3,μ=1*mt=3.354,0.312563,0.618799
3,μ=1*mt=3.354,0.317336,0.628954
3,μ=1*mt=3.354,0.32211,0.639207
3,μ=1*mt=3.354,0.326884,0.649567
3,μ=1*mt=3.354,0.331658,0.660041
3,μ=1*mt=3.354,0.336432,0.670626
3,μ=1*mt=3.354,0.341206,0.681317
3,μ=1*mt=3.354,0.34598,0.69211
3,μ=1*mt=3.354,0.350753,0.703003
3,μ=1*mt=3.354,0.355527,0.713995
3,μ=1*mt=3.354,0.360301,0.725089
3,μ=1*mt=3.354,0.365075,0.736288
3,μ=1*mt=3.354,0.369849,0.747592
3,μ=1*mt=3.354,0.374623,0.758995
3,μ=1*mt=3.354,0.379397,0.770493
3,μ=1*mt=3.354,0.384171,0.782082
3,μ=1*mt=3.354,0.388944,0.793758
3,μ=1*mt=3.354,0.393718,0.805525
3,μ=1*mt=3.354,0.398492,0.817392
3,μ=1*mt=3.354,0.403266,0.829368
3,μ=1*mt=3.354,0.40804,0.841441
3,μ=1*mt=3.354,0.412814,0.853595
3,μ=1*mt=3.354,0.417588,0.865819
3,μ=1*mt=3.354,0.422361,0.878111
3,μ=1*mt=3.354,0.427135,0.890471
3,μ=1*mt=3.354,0.431909,0.902905
3,μ=1*mt=3.354,0.436683,0.915421
3,μ=1*mt=3.354,0.441457,0.928018
3,μ=1*mt=3.354,0.446231,0.940678
3,μ=1*mt=3.354,0.451005,0.953385
3,μ=1*mt=3.354,0.455778,0.966135
3,μ=1*mt=3.354,0.460552,0.978923
3,μ=1*mt=3.354,0.465326,0.991752
3,μ=1*mt=3.354,0.4701,1.00463
3,μ=1*mt=3.354,0.474874,1.01756
3,μ=1*mt=3.354,0.479648,1.03053
3,μ=1*mt=3.354,0.484422,1.0435
3,μ=1*mt=3.354,0.489196,1.05645
3,μ=1*mt=3.354,0.493969,1.06939
3,μ=1*mt=3.354,0.498743,1.08232
3,μ=1*mt=3.354,0.503517,1.09524
3,μ=1*mt=3.354,0.508291,1.10817
3,μ=1*mt=3.354,0.513065,1.1211
3,μ=1*mt=3.354,0.517839,1.13399
3,μ=1*mt=3.354,0.522613,1.14679
3,μ=1*mt=3.354,0.527386,1.1595
3,μ=1*mt=3.354,0.53216,1.17211
3,μ=1*mt=3.354,0.536934,1.18464
3,μ=1*mt=3.354,0.541708,1.19707
3,μ=1*mt=3.354,0.546482,1.2094
3,μ=1*mt=3.354,0.551256,1.22161
3,μ=1*mt=3.354,0.55603,1.23371
3,μ=1*mt=3.354,0.560803,1.24565
3,μ=1*mt=3.354,0.565577,1.25741
3,μ=1*mt=3.354,0.570351,1.26892
3,μ=1*mt=3.354,0.575125,1.28017
3,μ=1*mt=3.354,0.579899,1.29118
3,μ=1*mt=3.354,0.584673,1.30196
3,μ=1*mt=3.354,0.589447,1.31249
3,μ=1*mt=3.354,0.594221,1.32277
3,μ=1*mt=3.354,0.598994,1.33277
3,μ=1*mt=3.354,0.603768,1.3424
3,μ=1*mt=3.354,0.608542,1.35162
3,μ=1*mt=3.354,0.613316,1.36043
3,μ=1*mt=3.354,0.61809,1.36883
3,μ=1*mt=3.354,0.622864,1.3768
3,μ=1*mt=3.354,0.627638,1.38426
3,μ=1*mt=3.354,0.632411,1.3912
3,μ=1*mt=3.354,0.637185,1.39763
3,μ=1*mt=3.354,0.641959,1.40358
3,μ=1*mt=3.354,0.646733,1.40901
3,μ=1*mt=3.354,0.651507,1.41382
3,μ=1*mt=3.354,0.656281,1.41792
3,μ=1*mt=3.354,0.661055,1.42128
3,μ=1*mt=3.354,0.665828,1.42389
3,μ=1*mt=3.354,0.670602,1.42575
3,μ=1*mt=3.354,0.675376,1.42687
3,μ=1*mt=3.354,0.68015,1.42723
3,μ=1*mt=3.354,0.684924,1.42675
3,μ=1*mt=3.354,0.689698,1.42529
3,μ=1*mt=3.354,0.694472,1.42287
3,μ=1*mt=3.354,0.699246,1.41966
3,μ=1*mt=3.354,0.704019,1.41571
3,μ=1*mt=3.354,0.708793,1.41076
3,μ=1*mt=3.354,0.713567,1.40444
3,μ=1*mt=3.354,0.718341,1.39676
3,μ=1*mt=3.354,0.723115,1.38809
3,μ=1*mt=3.354,0.727889,1.37874
3,μ=1*mt=3.354,0.732663,1.36839
3,μ=1*mt=3.354,0.737436,1.35657
3,μ=1*mt=3.354,0.74221,1.34317
3,μ=1*mt=3.354,0.746984,1.32855
3,μ=1*mt=3.354,0.751758,1.31301
3,μ=1*mt=3.354,0.756532,1.29647
3,μ=1*mt=3.354,0.761306,1.27872
3,μ=1*mt=3.354,0.76608,1.25962
3,μ=1*mt=3.354,0.770854,1.23912
3,μ=1*mt=3.354,0.775627,1.21722
3,μ=1*mt=3.354,0.780401,1.19406
3,μ=1*mt=3.354,0.785175,1.16983
3,μ=1*mt=3.354,0.789949,1.14461
3,μ=1*mt=3.354,0.794723,1.11824
3,μ=1*mt=3.354,0.799497,1.09056
3,μ=1*mt=3.354,0.804271,1.06167
3,μ=1*mt=3.354,0.809044,1.03174
3,μ=1*mt=3.354,0.813818,1.00088
3,μ=1*mt=3.354,0.818592,0.969129
3,μ=1*mt=3.354,0.823366,0.936511
3,μ=1*mt=3.354,0.82814,0.90311
3,μ=1*mt=3.354,0.832914,0.869032
3,μ=1*mt=3.354,0.837688,0.834305
3,μ=1*mt=3.354,0.842461,0.798808
3,μ=1*mt=3.354,0.847235,0.762452
3,μ=1*mt=3.354,0.852009,0.725565
3,μ=1*mt=3.354,0.856783,0.688694
3,μ=1*mt=3.354,0.861557,0.652178
3,μ=1*mt=3.354,0.866331,0.615928
3,μ=1*mt=3.354,0.871105,0.579794
3,μ=1*mt=3.354,0.875879,0.543556
3,μ=1*mt=3.354,0.880652,0.506955
3,μ=1*mt=3.354,0.885426,0.470109
3,μ=1*mt=3.354,0.8902,0.434003
3,μ=1*mt=3.354,0.894974,0.399653
3,μ=1*mt=3.354,0.899748,0.367012
3,μ=1*mt=3.354,0.904522,0.335357
3,μ=1*mt=3.354,0.909296,0.304141
3,μ=1*mt=3.354,0.914069,0.273296
3,μ=1*mt=3.354,0.918843,0.242876
3,μ=1*mt=3.354,0.923617,0.213559
3,μ=1*mt=3.354,0.928391,0.186463
3,μ=1*mt=3.354,0.933165,0.162252
3,μ=1*mt=3.354,0.937939,0.14028
3,μ=1*mt=3.354,0.942713,0.119701
3,μ=1*mt=3.354,0.947486,0.10017
3,μ=1*mt=3.354,0.95226,0.0817422
3,μ=1*mt=3.354,0.957034,0.064611
3,μ=1*mt=3.354,0.961808,0.0493955
3,μ=1*mt=3.354,0.966582,0.0367589
3,μ=1*mt=3.354,0.971356,0.02666
3,μ=1*mt=3.354,0.97613,0.0184499
3,μ=1*mt=3.354,0.980904,0.0116397
3,μ=1*mt=3.354,0.985677,0.00638265
3,μ=1*mt=3.354,0.990451,0.00295009
3,μ=1*mt=3.354,0.995225,0.00107949
3,μ=1*mt=3.354,0.999999,-1.23776e-08
3,μ=2*mt=6.708,0.05,0.452506
3,μ=2*mt=6.708,0.0547739,0.444317
3,μ=2*mt=6.708,0.0595477,0.437196
3,μ=2*mt=6.708,0.0643216,0.432181
3,μ=2*mt=6.708,0.0690955,0.429454
3,μ=2*mt=6.708,0.0738693,0.428301
3,μ=2*mt=6.708,0.0786432,0.42808
3,μ=2*mt=6.708,0.0834171,0.42865
3,μ=2*mt=6.708,0.0881909,0.430009
3,μ=2*mt=6.708,0.0929648,0.43208
3,μ=2*mt=6.708,0.0977386,0.434702
3,μ=2*mt=6.708,0.102513,0.437733
3,μ=2*mt=6.708,0.107286,0.441153
3,μ=2*mt=6.708,0.11206,0.444984
3,μ=2*mt=6.708,0.116834,0.449199
3,μ=2*mt=6.708,0.121608,0.453709
3,μ=2*mt=6.708,0.126382,0.458438
3,μ=2*mt=6.708,0.131156,0.463373
3,μ=2*mt=6.708,0.13593,0.468526
3,μ=2*mt=6.708,0.140703,0.473898
3,μ=2*mt=6.708,0.145477,0.479471
3,μ=2*mt=6.708,0.150251,0.485227
3,μ=2*mt=6.708,0.155025,0.491155
3,μ=2*mt=6.708,0.159799,0.497246
3,μ=2*mt=6.708,0.164573,0.503491
3,μ=2*mt=6.708,0.169347,0.50988
3,μ=2*mt=6.708,0.17412,0.516404
3,μ=2*mt=6.708,0.178894,0.523054
3,μ=2*mt=6.708,0.183668,0.529823
3,μ=2*mt=6.708,0.188442,0.536704
3,μ=2*mt=6.708,0.193216,0.543691
3,μ=2*mt=6.708,0.19799,0.55078
3,μ=2*mt=6.708,0.202764,0.557967
3,μ=2*mt=6.708,0.207538,0.565254
3,μ=2*mt=6.708,0.212311,0.572642
3,μ=2*mt=6.708,0.217085,0.580132
3,μ=2*mt=6.708,0.221859,0.587724
3,μ=2*mt=6.708,0.226633,0.595411
3,μ=2*mt=6.708,0.231407,0.603179
3,μ=2*mt=6.708,0.236181,0.611022
3,μ=2*mt=6.708,0.240955,0.61895
3,μ=2*mt=6.708,0.245728,0.626975
3,μ=2*mt=6.708,0.250502,0.635092
3,μ=2*mt=6.708,0.255276,0.643285
3,μ=2*mt=6.708,0.26005,0.651545
3,μ=2*mt=6.708,0.264824,0.659875
3,μ=2*mt=6.708,0.269598,0.668281
3,μ=2*mt=6.708,0.274372,0.676767
3,μ=2*mt=6.708,0.279145,0.685332
3,μ=2*mt=6.708,0.283919,0.693973
3,μ=2*mt=6.708,0.288693,0.702676
3,μ=2*mt=6.708,0.293467,0.711428
3,μ=2*mt=6.708,0.298241,0.720238
3,μ=2*mt=6.708,0.303015,0.729129
3,μ=2*mt=6.708,0.307789,0.738111
3,μ=2*mt=6.708,0.312563,0.747157
3,μ=2*mt=6.708,0.317336,0.756235
3,μ=2*mt=6.708,0.32211,0.765348
3,μ=2*mt=6.708,0.326884,0.774526
3,μ=2*mt=6.708,0.331658,0.783789
3,μ=2*mt=6.708,0.336432,0.793118
3,μ=2*mt=6.708,0.341206,0.802487
3,μ=2*mt=6.708,0.34598,0.811887
3,μ=2*mt=6.708,0.350753,0.821322
3,μ=2*mt=6.708,0.355527,0.830799
3,μ=2*mt=6.708,0.360301,0.840332
3,μ=2*mt=6.708,0.365075,0.849931
3,μ=2*mt=6.708,0.369849,0.85958
3,μ=2*mt=6.708,0.374623,0.869237
3,μ=2*mt=6.708,0.379397,0.878875
3,μ=2*mt=6.708,0.384171,0.888534
3,μ=2*mt=6.708,0.388944,0.898272
3,μ=2*mt=6.708,0.393718,0.908087
3,μ=2*mt=6.708,0.398492,0.917915
3,μ=2*mt=6.708,0.403266,0.927701
3,μ=2*mt=6.708,0.40804,0.937465
3,μ=2*mt=6.708,0.412814,0.947245
3,μ=2*mt=6.708,0.417588,0.957059
3,μ=2*mt=6.708,0.422361,0.966901
3,μ=2*mt=6.708,0.427135,0.976759
3,μ=2*mt=6.708,0.431909,0.9866
3,μ=2*mt=6.708,0.436683,0.996383
3,μ=2*mt=6.708,0.441457,1.00611
3,μ=2*mt=6.708,0.446231,1.01581
3,μ=2*mt=6.708,0.451005,1.02553
3,μ=2*mt=6.708,0.455778,1.03525
3,μ=2*mt=6.708,0.460552,1.04494
3,μ=2*mt=6.708,0.465326,1.05457
3,μ=2*mt=6.708,0.4701,1.06411
3,μ=2*mt=6.708,0.474874,1.07357
3,μ=2*mt=6.708,0.479648,1.08294
3,μ=2*mt=6.708,0.484422,1.09225
3,μ=2*mt=6.708,0.489196,1.10151
3,μ=2*mt=6.708,0.493969,1.1107
3,μ=2*mt=6.708,0.498743,1.11978
3,μ=2*mt=6.708,0.503517,1.12875
3,μ=2*mt=6.708,0.508291,1.13759
3,μ=2*mt=6.708,0.513065,1.14628
3,μ=2*mt=6.708,0.517839,1.15481
3,μ=2*mt=6.708,0.522613,1.16319
3,μ=2*mt=6.708,0.527386,1.17142
3,μ=2*mt=6.708,0.53216,1.17951
3,μ=2*mt=6.708,0.536934,1.18746
3,μ=2*mt=6.708,0.541708,1.1952
3,μ=2*mt=6.708,0.546482,1.20268
3,μ=2*mt=6.708,0.551256,1.2099
3,μ=2*mt=6.708,0.55603,1.2169
3,μ=2*mt=6.708,0.560803,1.22368
3,μ=2*mt=6.708,0.565577,1.2302
3,μ=2*mt=6.708,0.570351,1.23644
3,μ=2*mt=6.708,0.575125,1.24237
3,μ=2*mt=6.708,0.579899,1.24799
3,μ=2*mt=6.708,0.584673,1.25328
3,μ=2*mt=6.708,0.589447,1.25825
3,μ=2*mt=6.708,0.594221,1.26286
3,μ=2*mt=6.708,0.598994,1.26709
3,μ=2*mt=6.708,0.603768,1.27091
3,μ=2*mt=6.708,0.608542,1.27428
3,μ=2*mt=6.708,0.613316,1.27721
3,μ=2*mt=6.708,0.61809,1.27972
3,μ=2*mt=6.708,0.622864,1.28177
3,μ=2*mt=6.708,0.627638,1.28331
3,μ=2*mt=6.708,0.632411,1.28429
3,μ=2*mt=6.708,0.637185,1.28473
3,μ=2*mt=6.708,0.641959,1.28466
3,μ=2*mt=6.708,0.646733,1.28405
3,μ=2*mt=6.708,0.651507,1.28284
3,μ=2*mt=6.708,0.656281,1.28097
3,μ=2*mt=6.708,0.661055,1.27841
3,μ=2*mt=6.708,0.665828,1.27517
3,μ=2*mt=6.708,0.670602,1.27124
3,μ=2*mt=6.708,0.675376,1.26665
3,μ=2*mt=6.708,0.68015,1.26138
3,μ=2*mt=6.708,0.684924,1.25535
3,μ=2*mt=6.708,0.689698,1.24848
3,μ=2*mt=6.708,0.694472,1.24078
3,μ=2*mt=6.708,0.699246,1.23237
3,μ=2*mt=6.708,0.704019,1.22333
3,μ=2*mt=6.708,0.708793,1.21347
3,μ=2*mt=6.708,0.713567,1.20253
3,μ=2*mt=6.708,0.718341,1.1905
3,μ=2*mt=6.708,0.723115,1.17767
3,μ=2*mt=6.708,0.727889,1.16424
3,μ=2*mt=6.708,0.732663,1.15004
3,μ=2*mt=6.708,0.737436,1.13476
3,μ=2*mt=6.708,0.74221,1.11833
3,μ=2*mt=6.708,0.746984,1.10099
3,μ=2*mt=6.708,0.751758,1.08294
3,μ=2*mt=6.708,0.756532,1.06414
3,μ=2*mt=6.708,0.761306,1.04448
3,μ=2*mt=6.708,0.76608,1.02388
3,μ=2*mt=6.708,0.770854,1.00232
3,μ=2*mt=6.708,0.775627,0.97983
3,μ=2*mt=6.708,0.780401,0.95647
3,μ=2*mt=6.708,0.785175,0.932347
3,μ=2*mt=6.708,0.789949,0.907528
3,μ=2*mt=6.708,0.794723,0.882031
3,μ=2*mt=6.708,0.799497,0.85587
3,μ=2*mt=6.708,0.804271,0.829065
3,μ=2*mt=6.708,0.809044,0.801637
3,μ=2*mt=6.708,0.813818,0.773628
3,μ=2*mt=6.708,0.818592,0.745111
3,μ=2*mt=6.708,0.823366,0.716166
3,μ=2*mt=6.708,0.82814,0.686899
3,μ=2*mt=6.708,0.832914,0.657424
3,μ=2*mt=6.708,0.837688,0.62776
3,μ=2*mt=6.708,0.842461,0.597745
3,μ=2*mt=6.708,0.847235,0.567243
3,μ=2*mt=6.708,0.852009,0.536559
3,μ=2*mt=6.708,0.856783,0.506222
3,μ=2*mt=6.708,0.861557,0.476553
3,μ=2*mt=6.708,0.866331,0.447439
3,μ=2*mt=6.708,0.871105,0.418711
3,μ=2*mt=6.708,0.875879,0.390176
3,μ=2*mt=6.708,0.880652,0.361628
3,μ=2*mt=6.708,0.885426,0.333148
3,μ=2*mt=6.708,0.8902,0.30547
3,μ=2*mt=6.708,0.894974,0.279351
3,μ=2*mt=6.708,0.899748,0.254746
3,μ=2*mt=6.708,0.904522,0.231103
3,μ=2*mt=6.708,0.909296,0.208002
3,μ=2*mt=6.708,0.914069,0.185396
3,μ=2*mt=6.708,0.918843,0.163323
3,μ=2*mt=6.708,0.923617,0.142254
3,μ=2*mt=6.708,0.928391,0.122961
3,μ=2*mt=6.708,0.933165,0.105899
3,μ=2*mt=6.708,0.937939,0.0906027
3,μ=2*mt=6.708,0.942713,0.0764669
3,μ=2*mt=6.708,0.947486,0.0632639
3,μ=2*mt=6.708,0.95226,0.0510597
3,μ=2*mt=6.708,0.957034,0.0399683
3,μ=2*mt=6.708,0.961808,0.0302297
3,μ=2*mt=6.708,0.966582,0.022093
3,μ=2*mt=6.708,0.971356,0.0155145
3,μ=2*mt=6.708,0.97613,0.0101982
3,μ=2*mt=6.708,0.980904,0.00592741
3,μ=2*mt=6.708,0.985677,0.00279749
3,μ=2*mt=6.708,0.990451,0.000956989
3,μ=2*mt=6.708,0.995225,0.000203386
3,μ=2*mt=6.708,0.999999,-1.27515e-07
9,IC (μ=mc),0.05,0.0380221
9,IC (μ=mc),0.0547739,0.0420242
9,IC (μ=mc),0.0595477,0.0460962
9,IC (μ=mc),0.0643216,0.0502391
9,IC (μ=mc),0.0690955,0.0544543
9,IC (μ=mc),0.0738693,0.058743
9,IC (μ=mc),0.0786432,0.0631067
9,IC (μ=mc),0.0834171,0.0675466
9,IC (μ=mc),0.0881909,0.0720641
9,IC (μ=mc),0.0929648,0.0766607
9,IC (μ=mc),0.0977386,0.0813377
9,IC (μ=mc),0.102513,0.0860965
9,IC (μ=mc),0.107286,0.0909388
9,IC (μ=mc),0.11206,0.0958659
9,IC (μ=mc),0.116834,0.100879
9,IC (μ=mc),0.121608,0.105981
9,IC (μ=mc),0.126382,0.111172
9,IC (μ=mc),0.131156,0.116454
9,IC (μ=mc),0.13593,0.121828
9,IC (μ=mc),0.140703,0.127298
9,IC (μ=mc),0.145477,0.132863
9,IC (μ=mc),0.150251,0.138526
9,IC (μ=mc),0.155025,0.144288
9,IC (μ=mc),0.159799,0.150152
9,IC (μ=mc),0.164573,0.156119
9,IC (μ=mc),0.169347,0.162191
9,IC (μ=mc),0.17412,0.16837
9,IC (μ=mc),0.178894,0.174657
9,IC (μ=mc),0.183668,0.181055
9,IC (μ=mc),0.188442,0.187566
9,IC (μ=mc),0.193216,0.194191
9,IC (μ=mc),0.19799,0.200933
9,IC (μ=mc),0.202764,0.207793
9,IC (μ=mc),0.207538,0.214773
9,IC (μ=mc),0.212311,0.221877
9,IC (μ=mc),0.217085,0.229105
9,IC (μ=mc),0.221859,0.23646
9,IC (μ=mc),0.226633,0.243944
9,IC (μ=mc),0.231407,0.251559
9,IC (μ=mc),0.236181,0.259308
9,IC (μ=mc),0.240955,0.267192
9,IC (μ=mc),0.245728,0.275215
9,IC (μ=mc),0.250502,0.283377
9,IC (μ=mc),0.255276,0.291683
9,IC (μ=mc),0.26005,0.300133
9,IC (μ=mc),0.264824,0.30873
9,IC (μ=mc),0.269598,0.317477
9,IC (μ=mc),0.274372,0.326376
9,IC (μ=mc),0.279145,0.33543
9,IC (μ=mc),0.283919,0.34464
9,IC (μ=mc),0.288693,0.35401
9,IC (μ=mc),0.293467,0.363541
9,IC (μ=mc),0.298241,0.373236
9,IC (μ=mc),0.303015,0.383098
9,IC (μ=mc),0.307789,0.393129
9,IC (μ=mc),0.312563,0.403331
9,IC (μ=mc),0.317336,0.413708
9,IC (μ=mc),0.32211,0.42426
9,IC (μ=mc),0.326884,0.434992
9,IC (μ=mc),0.331658,0.445905
9,IC (μ=mc),0.336432,0.457001
9,IC (μ=mc),0.341206,0.468283
9,IC (μ=mc),0.34598,0.479754
9,IC (μ=mc),0.350753,0.491415
9,IC (μ=mc),0.355527,0.50327
9,IC (μ=mc),0.360301,0.515319
9,IC (μ=mc),0.365075,0.527566
9,IC (μ=mc),0.369849,0.540012
9,IC (μ=mc),0.374623,0.55266
9,IC (μ=mc),0.379397,0.565511
9,IC (μ=mc),0.384171,0.578567
9,IC (μ=mc),0.388944,0.591831
9,IC (μ=mc),0.393718,0.605304
9,IC (μ=mc),0.398492,0.618987
9,IC (μ=mc),0.403266,0.632882
9,IC (μ=mc),0.40804,0.64699
9,IC (μ=mc),0.412814,0.661313
9,IC (μ=mc),0.417588,0.675851
9,IC (μ=mc),0.422361,0.690606
9,IC (μ=mc),0.427135,0.705578
9,IC (μ=mc),0.431909,0.720767
9,IC (μ=mc),0.436683,0.736174
9,IC (μ=mc),0.441457,0.751799
9,IC (μ=mc),0.446231,0.767642
9,IC (μ=mc),0.451005,0.783701
9,IC (μ=mc),0.455778,0.799977
9,IC (μ=mc),0.460552,0.816468
9,IC (μ=mc),0.465326,0.833173
9,IC (μ=mc),0.4701,0.850089
9,IC (μ=mc),0.474874,0.867215
9,IC (μ=mc),0.479648,0.884548
9,IC (μ=mc),0.484422,0.902085
9,IC (μ=mc),0.489196,0.919822
9,IC (μ=mc),0.493969,0.937756
9,IC (μ=mc),0.498743,0.955881
9,IC (μ=mc),0.503517,0.974193
9,IC (μ=mc),0.508291,0.992686
9,IC (μ=mc),0.513065,1.01135
9,IC (μ=mc),0.517839,1.03019
9,IC (μ=mc),0.522613,1.04918
9,IC (μ=mc),0.527386,1.06833
9,IC (μ=mc),0.53216,1.08761
9,IC (μ=mc),0.536934,1.10703
9,IC (μ=mc),0.541708,1.12657
9,IC (μ=mc),0.546482,1.14621
9,IC (μ=mc),0.551256,1.16595
9,IC (μ=mc),0.55603,1.18578
9,IC (μ=mc),0.560803,1.20566
9,IC (μ=mc),0.565577,1.2256
9,IC (μ=mc),0.570351,1.24557
9,IC (μ=mc),0.575125,1.26555
9,IC (μ=mc),0.579899,1.28553
9,IC (μ=mc),0.584673,1.30548
9,IC (μ=mc),0.589447,1.32537
9,IC (μ=mc),0.594221,1.34519
9,IC (μ=mc),0.598994,1.36491
9,IC (μ=mc),0.603768,1.3845
9,IC (μ=mc),0.608542,1.40394
9,IC (μ=mc),0.613316,1.42318
9,IC (μ=mc),0.61809,1.44221
9,IC (μ=mc),0.622864,1.46098
9,IC (μ=mc),0.627638,1.47946
9,IC (μ=mc),0.632411,1.49761
9,IC (μ=mc),0.637185,1.5154
9,IC (μ=mc),0.641959,1.53277
9,IC (μ=mc),0.646733,1.54969
9,IC (μ=mc),0.651507,1.56612
9,IC (μ=mc),0.656281,1.582
9,IC (μ=mc),0.661055,1.59729
9,IC (μ=mc),0.665828,1.61193
9,IC (μ=mc),0.670602,1.62588
9,IC (μ=mc),0.675376,1.63907
9,IC (μ=mc),0.68015,1.65146
9,IC (μ=mc),0.684924,1.66299
9,IC (μ=mc),0.689698,1.67359
9,IC (μ=mc),0.694472,1.68321
9,IC (μ=mc),0.699246,1.69179
9,IC (μ=mc),0.704019,1.69926
9,IC (μ=mc),0.708793,1.70556
9,IC (μ=mc),0.713567,1.71063
9,IC (μ=mc),0.718341,1.7144
9,IC (μ=mc),0.723115,1.71681
9,IC (μ=mc),0.727889,1.7178
9,IC (μ=mc),0.732663,1.7173
9,IC (μ=mc),0.737436,1.71526
9,IC (μ=mc),0.74221,1.7116
9,IC (μ=mc),0.746984,1.70629
9,IC (μ=mc),0.751758,1.69925
9,IC (μ=mc),0.756532,1.69043
9,IC (μ=mc),0.761306,1.6798
9,IC (μ=mc),0.76608,1.66729
9,IC (μ=mc),0.770854,1.65288
9,IC (μ=mc),0.775627,1.63652
9,IC (μ=mc),0.780401,1.61818
9,IC (μ=mc),0.785175,1.59785
9,IC (μ=mc),0.789949,1.57551
9,IC (μ=mc),0.794723,1.55115
9,IC (μ=mc),0.799497,1.52476
9,IC (μ=mc),0.804271,1.49637
9,IC (μ=mc),0.809044,1.46598
9,IC (μ=mc),0.813818,1.43362
9,IC (μ=mc),0.818592,1.39934
9,IC (μ=mc),0.823366,1.36319
9,IC (μ=mc),0.82814,1.32522
9,IC (μ=mc),0.832914,1.28552
9,IC (μ=mc),0.837688,1.24416
9,IC (μ=mc),0.842461,1.20125
9,IC (μ=mc),0.847235,1.15689
9,IC (μ=mc),0.852009,1.1112
9,IC (μ=mc),0.856783,1.06433
9,IC (μ=mc),0.861557,1.01641
9,IC (μ=mc),0.866331,0.967604
9,IC (μ=mc),0.871105,0.918074
9,IC (μ=mc),0.875879,0.867997
9,IC (μ=mc),0.880652,0.817558
9,IC (μ=mc),0.885426,0.766949
9,IC (μ=mc),0.8902,0.716371
9,IC (μ=mc),0.894974,0.666027
9,IC (μ=mc),0.899748,0.616127
9,IC (μ=mc),0.904522,0.566879
9,IC (μ=mc),0.909296,0.518498
9,IC (μ=mc),0.914069,0.471194
9,IC (μ=mc),0.918843,0.425175
9,IC (μ=mc),0.923617,0.380648
9,IC (μ=mc),0.928391,0.337811
9,IC (μ=mc),0.933165,0.296857
9,IC (μ=mc),0.937939,0.257969
9,IC (μ=mc),0.942713,0.22132
9,IC (μ=mc),0.947486,0.187072
9,IC (μ=mc),0.95226,0.155374
9,IC (μ=mc),0.957034,0.126358
9,IC (μ=mc),0.961808,0.100144
9,IC (μ=mc),0.966582,0.0768353
9,IC (μ=mc),0.971356,0.0565168
9,IC (μ=mc),0.97613,0.0392573
9,IC (μ=mc),0.980904,0.0251076
9,IC (μ=mc),0.985677,0.0141006
9,IC (μ=mc),0.990451,0.00625149
9,IC (μ=mc),0.995225,0.00155783
9,IC (μ=mc),0.999999,6.80326e-11
9,μ=0.5*mt=4.562,0.05,0.3351
9,μ=0.5*mt=4.562,0.0547739,0.332382
9,μ=0.5*mt=4.562,0.0595477,0.330282
9,μ=0.5*mt=4.562,0.0643216,0.329398
9,μ=0.5*mt=4.562,0.0690955,0.329857
9,μ=0.5*mt=4.562,0.0738693,0.331291
9,μ=0.5*mt=4.562,0.0786432,0.333363
9,μ=0.5*mt=4.562,0.0834171,0.335981
9,μ=0.5*mt=4.562,0.0881909,0.339118
9,μ=0.5*mt=4.562,0.0929648,0.342712
9,μ=0.5*mt=4.562,0.0977386,0.346658
9,μ=0.5*mt=4.562,0.102513,0.350865
9,μ=0.5*mt=4.562,0.107286,0.355329
9,μ=0.5*mt=4.562,0.11206,0.360073
9,μ=0.5*mt=4.562,0.116834,0.365089
9,μ=0.5*mt=4.562,0.121608,0.370324
9,μ=0.5*mt=4.562,0.126382,0.375732
9,μ=0.5*mt=4.562,0.131156,0.381304
9,μ=0.5*mt=4.562,0.13593,0.387048
9,μ=0.5*mt=4.562,0.140703,0.39296
9,μ=0.5*mt=4.562,0.145477,0.39903
9,μ=0.5*mt=4.562,0.150251,0.405245
9,μ=0.5*mt=4.562,0.155025,0.411599
9,μ=0.5*mt=4.562,0.159799,0.418084
9,μ=0.5*mt=4.562,0.164573,0.424696
9,μ=0.5*mt=4.562,0.169347,0.431429
9,μ=0.5*mt=4.562,0.17412,0.438278
9,μ=0.5*mt=4.562,0.178894,0.445239
9,μ=0.5*mt=4.562,0.183668,0.452309
9,μ=0.5*mt=4.562,0.188442,0.459485
9,μ=0.5*mt=4.562,0.193216,0.466769
9,μ=0.5*mt=4.562,0.19799,0.474163
9,μ=0.5*mt=4.562,0.202764,0.481671
9,μ=0.5*mt=4.562,0.207538,0.4893
9,μ=0.5*mt=4.562,0.212311,0.497046
9,μ=0.5*mt=4.562,0.217085,0.504892
9,μ=0.5*mt=4.562,0.221859,0.512819
9,μ=0.5*mt=4.562,0.226633,0.520819
9,μ=0.5*mt=4.562,0.231407,0.528891
9,μ=0.5*mt=4.562,0.236181,0.537045
9,μ=0.5*mt=4.562,0.240955,0.545317
9,μ=0.5*mt=4.562,0.245728,0.553742
9,μ=0.5*mt=4.562,0.250502,0.562295
9,μ=0.5*mt=4.562,0.255276,0.570914
9,μ=0.5*mt=4.562,0.26005,0.579566
9,μ=0.5*mt=4.562,0.264824,0.588291
9,μ=0.5*mt=4.562,0.269598,0.597132
9,μ=0.5*mt=4.562,0.274372,0.606095
9,μ=0.5*mt=4.562,0.279145,0.615158
9,μ=0.5*mt=4.562,0.283919,0.624304
9,μ=0.5*mt=4.562,0.288693,0.633522
9,μ=0.5*mt=4.562,0.293467,0.642807
9,μ=0.5*mt=4.562,0.298241,0.652172
9,μ=0.5*mt=4.562,0.303015,0.661646
9,μ=0.5*mt=4.562,0.307789,0.67124
9,μ=0.5*mt=4.562,0.312563,0.680923
9,μ=0.5*mt=4.562,0.317336,0.690658
9,μ=0.5*mt=4.562,0.32211,0.700448
9,μ=0.5*mt=4.562,0.326884,0.710329
9,μ=0.5*mt=4.562,0.331658,0.720323
9,μ=0.5*mt=4.562,0.336432,0.730414
9,μ=0.5*mt=4.562,0.341206,0.740576
9,μ=0.5*mt=4.562,0.34598,0.750798
9,μ=0.5*mt=4.562,0.350753,0.761084
9,μ=0.5*mt=4.562,0.355527,0.77144
9,μ=0.5*mt=4.562,0.360301,0.781879
9,μ=0.5*mt=4.562,0.365075,0.792416
9,μ=0.5*mt=4.562,0.369849,0.803038
9,μ=0.5*mt=4.562,0.374623,0.813707
9,μ=0.5*mt=4.562,0.379397,0.824397
9,μ=0.5*mt=4.562,0.384171,0.835141
9,μ=0.5*mt=4.562,0.388944,0.845984
9,μ=0.5*mt=4.562,0.393718,0.856928
9,μ=0.5*mt=4.562,0.398492,0.867929
9,μ=0.5*mt=4.562,0.403266,0.878949
9,μ=0.5*mt=4.562,0.40804,0.889996
9,μ=0.5*mt=4.562,0.412814,0.901094
9,μ=0.5*mt=4.562,0.417588,0.912252
9,μ=0.5*mt=4.562,0.422361,0.923466
9,μ=0.5*mt=4.562,0.427135,0.934726
9,μ=0.5*mt=4.562,0.431909,0.946015
9,μ=0.5*mt=4.562,0.436683,0.957309
9,μ=0.5*mt=4.562,0.441457,0.968604
9,μ=0.5*mt=4.562,0.446231,0.979923
9,μ=0.5*mt=4.562,0.451005,0.991281
9,μ=0.5*mt=4.562,0.455778,1.00267
9,μ=0.5*mt=4.562,0.460552,1.01406
9,μ=0.5*mt=4.562,0.465326,1.02543
9,μ=0.5*mt=4.562,0.4701,1.03679
9,μ=0.5*mt=4.562,0.474874,1.04813
9,μ=0.5*mt=4.562,0.479648,1.05944
9,μ=0.5*mt=4.562,0.484422,1.07072
9,μ=0.5*mt=4.562,0.489196,1.08197
9,μ=0.5*mt=4.562,0.493969,1.09317
9,μ=0.5*mt=4.562,0.498743,1.10432
9,μ=0.5*mt=4.562,0.503517,1.11541
9,μ=0.5*mt=4.562,0.508291,1.12643
9,μ=0.5*mt=4.562,0.513065,1.13738
9,μ=0.5*mt=4.562,0.517839,1.14823
9,μ=0.5*mt=4.562,0.522613,1.15895
9,μ=0.5*mt=4.562,0.527386,1.16955
9,μ=0.5*mt=4.562,0.53216,1.18003
9,μ=0.5*mt=4.562,0.536934,1.19039
9,μ=0.5*mt=4.562,0.541708,1.2006
9,μ=0.5*mt=4.562,0.546482,1.21063
9,μ=0.5*mt=4.562,0.551256,1.22047
9,μ=0.5*mt=4.562,0.55603,1.23013
9,μ=0.5*mt=4.562,0.560803,1.23961
9,μ=0.5*mt=4.562,0.565577,1.24886
9,μ=0.5*mt=4.562,0.570351,1.25783
9,μ=0.5*mt=4.562,0.575125,1.26652
9,μ=0.5*mt=4.562,0.579899,1.27493
9,μ=0.5*mt=4.562,0.584673,1.28305
9,μ=0.5*mt=4.562,0.589447,1.29088
9,μ=0.5*mt=4.562,0.594221,1.29841
9,μ=0.5*mt=4.562,0.598994,1.30561
9,μ=0.5*mt=4.562,0.603768,1.31241
9,μ=0.5*mt=4.562,0.608542,1.31877
9,μ=0.5*mt=4.562,0.613316,1.3247
9,μ=0.5*mt=4.562,0.61809,1.3302
9,μ=0.5*mt=4.562,0.622864,1.33524
9,μ=0.5*mt=4.562,0.627638,1.33978
9,μ=0.5*mt=4.562,0.632411,1.34376
9,μ=0.5*mt=4.562,0.637185,1.34722
9,μ=0.5*mt=4.562,0.641959,1.35018
9,μ=0.5*mt=4.562,0.646733,1.3526
9,μ=0.5*mt=4.562,0.651507,1.35441
9,μ=0.5*mt=4.562,0.656281,1.35551
9,μ=0.5*mt=4.562,0.661055,1.3559
9,μ=0.5*mt=4.562,0.665828,1.35555
9,μ=0.5*mt=4.562,0.670602,1.35448
9,μ=0.5*mt=4.562,0.675376,1.35269
9,μ=0.5*mt=4.562,0.68015,1.35018
9,μ=0.5*mt=4.562,0.684924,1.34685
9,μ=0.5*mt=4.562,0.689698,1.34262
9,μ=0.5*mt=4.562,0.694472,1.33748
9,μ=0.5*mt=4.562,0.699246,1.33158
9,μ=0.5*mt=4.562,0.704019,1.325
9,μ=0.5*mt=4.562,0.708793,1.31749
9,μ=0.5*mt=4.562,0.713567,1.30874
9,μ=0.5*mt=4.562,0.718341,1.29876
9,μ=0.5*mt=4.562,0.723115,1.28786
9,μ=0.5*mt=4.562,0.727889,1.27632
9,μ=0.5*mt=4.562,0.732663,1.26389
9,μ=0.5*mt=4.562,0.737436,1.25017
9,μ=0.5*mt=4.562,0.74221,1.23509
9,μ=0.5*mt=4.562,0.746984,1.21893
9,μ=0.5*mt=4.562,0.751758,1.20196
9,μ=0.5*mt=4.562,0.756532,1.18411
9,μ=0.5*mt=4.562,0.761306,1.16522
9,μ=0.5*mt=4.562,0.76608,1.14517
9,μ=0.5*mt=4.562,0.770854,1.12394
9,μ=0.5*mt=4.562,0.775627,1.10153
9,μ=0.5*mt=4.562,0.780401,1.07805
9,μ=0.5*mt=4.562,0.785175,1.05365
9,μ=0.5*mt=4.562,0.789949,1.0284
9,μ=0.5*mt=4.562,0.794723,1.00224
9,μ=0.5*mt=4.562,0.799497,0.975102
9,μ=0.5*mt=4.562,0.804271,0.947046
9,μ=0.5*mt=4.562,0.809044,0.918158
9,μ=0.5*mt=4.562,0.813818,0.888517
9,μ=0.5*mt=4.562,0.818592,0.858176
9,μ=0.5*mt=4.562,0.823366,0.827192
9,μ=0.5*mt=4.562,0.82814,0.79566
9,μ=0.5*mt=4.562,0.832914,0.763694
9,μ=0.5*mt=4.562,0.837688,0.731316
9,μ=0.5*mt=4.562,0.842461,0.69838
9,μ=0.5*mt=4.562,0.847235,0.664772
9,μ=0.5*mt=4.562,0.852009,0.630813
9,μ=0.5*mt=4.562,0.856783,0.59705
9,μ=0.5*mt=4.562,0.861557,0.563821
9,μ=0.5*mt=4.562,0.866331,0.53102
9,μ=0.5*mt=4.562,0.871105,0.498484
9,μ=0.5*mt=4.562,0.875879,0.466004
9,μ=0.5*mt=4.562,0.880652,0.433347
9,μ=0.5*mt=4.562,0.885426,0.400611
9,μ=0.5*mt=4.562,0.8902,0.368659
9,μ=0.5*mt=4.562,0.894974,0.338381
9,μ=0.5*mt=4.562,0.899748,0.309729
9,μ=0.5*mt=4.562,0.904522,0.282064
9,μ=0.5*mt=4.562,0.909296,0.2549
9,μ=0.5*mt=4.562,0.914069,0.22818
9,μ=0.5*mt=4.562,0.918843,0.201949
9,μ=0.5*mt=4.562,0.923617,0.176783
9,μ=0.5*mt=4.562,0.928391,0.153626
9,μ=0.5*mt=4.562,0.933165,0.13304
9,μ=0.5*mt=4.562,0.937939,0.114466
9,μ=0.5*mt=4.562,0.942713,0.0971777
9,μ=0.5*mt=4.562,0.947486,0.0808898
9,μ=0.5*mt=4.562,0.95226,0.065664
9,μ=0.5*mt=4.562,0.957034,0.0516535
9,μ=0.5*mt=4.562,0.961808,0.0392757
9,μ=0.5*mt=4.562,0.966582,0.0289736
9,μ=0.5*mt=4.562,0.971356,0.0207037
9,μ=0.5*mt=4.562,0.97613,0.0140036
9,μ=0.5*mt=4.562,0.980904,0.00852827
9,μ=0.5*mt=4.562,0.985677,0.00440117
9,μ=0.5*mt=4.562,0.990451,0.00182951
9,μ=0.5*mt=4.562,0.995225,0.000580009
9,μ=0.5*mt=4.562,0.999999,-8.27042e-08
9,μ=1*mt=9.124,0.05,0.547465
9,μ=1*mt=9.124,0.0547739,0.534311
9,μ=1*mt=9.124,0.0595477,0.522626
9,μ=1*mt=9.124,0.0643216,0.513834
9,μ=1*mt=9.124,0.0690955,0.50817
9,μ=1*mt=9.124,0.0738693,0.504625
9,μ=1*mt=9.124,0.0786432,0.50229
9,μ=1*mt=9.124,0.0834171,0.500959
9,μ=1*mt=9.124,0.0881909,0.500622
9,μ=1*mt=9.124,0.0929648,0.501197
9,μ=1*mt=9.124,0.0977386,0.502519
9,μ=1*mt=9.124,0.102513,0.504435
9,μ=1*mt=9.124,0.107286,0.506876
9,μ=1*mt=9.124,0.11206,0.509802
9,μ=1*mt=9.124,0.116834,0.513161
9,μ=1*mt=9.124,0.121608,0.516887
9,μ=1*mt=9.124,0.126382,0.520921
9,μ=1*mt=9.124,0.131156,0.525234
9,μ=1*mt=9.124,0.13593,0.529811
9,μ=1*mt=9.124,0.140703,0.534636
9,μ=1*mt=9.124,0.145477,0.539691
9,μ=1*mt=9.124,0.150251,0.544957
9,μ=1*mt=9.124,0.155025,0.55042
9,μ=1*mt=9.124,0.159799,0.556069
9,μ=1*mt=9.124,0.164573,0.56189
9,μ=1*mt=9.124,0.169347,0.567872
9,μ=1*mt=9.124,0.17412,0.574005
9,μ=1*mt=9.124,0.178894,0.580276
9,μ=1*mt=9.124,0.183668,0.586678
9,μ=1*mt=9.124,0.188442,0.5932
9,μ=1*mt=9.124,0.193216,0.599833
9,μ=1*mt=9.124,0.19799,0.606568
9,μ=1*mt=9.124,0.202764,0.613398
9,μ=1*mt=9.124,0.207538,0.620318
9,μ=1*mt=9.124,0.212311,0.627327
9,μ=1*mt=9.124,0.217085,0.634437
9,μ=1*mt=9.124,0.221859,0.641658
9,μ=1*mt=9.124,0.226633,0.648985
9,μ=1*mt=9.124,0.231407,0.656401
9,μ=1*mt=9.124,0.236181,0.663893
9,μ=1*mt=9.124,0.240955,0.671449
9,μ=1*mt=9.124,0.245728,0.679062
9,μ=1*mt=9.124,0.250502,0.686739
9,μ=1*mt=9.124,0.255276,0.6945
9,μ=1*mt=9.124,0.26005,0.702352
9,μ=1*mt=9.124,0.264824,0.710275
9,μ=1*mt=9.124,0.269598,0.718247
9,μ=1*mt=9.124,0.274372,0.726267
9,μ=1*mt=9.124,0.279145,0.734349
9,μ=1*mt=9.124,0.283919,0.742498
9,μ=1*mt=9.124,0.288693,0.750705
9,μ=1*mt=9.124,0.293467,0.758957
9,μ=1*mt=9.124,0.298241,0.767254
9,μ=1*mt=9.124,0.303015,0.775606
9,μ=1*mt=9.124,0.307789,0.784018
9,μ=1*mt=9.124,0.312563,0.792474
9,μ=1*mt=9.124,0.317336,0.800961
9,μ=1*mt=9.124,0.32211,0.809478
9,μ=1*mt=9.124,0.326884,0.81804
9,μ=1*mt=9.124,0.331658,0.826654
9,μ=1*mt=9.124,0.336432,0.835308
9,μ=1*mt=9.124,0.341206,0.843985
9,μ=1*mt=9.124,0.34598,0.852678
9,μ=1*mt=9.124,0.350753,0.861393
9,μ=1*mt=9.124,0.355527,0.870133
9,μ=1*mt=9.124,0.360301,0.878902
9,μ=1*mt=9.124,0.365075,0.887705
9,μ=1*mt=9.124,0.369849,0.89653
9,μ=1*mt=9.124,0.374623,0.905346
9,μ=1*mt=9.124,0.379397,0.914136
9,μ=1*mt=9.124,0.384171,0.922928
9,μ=1*mt=9.124,0.388944,0.931764
9,μ=1*mt=9.124,0.393718,0.94064
9,μ=1*mt=9.124,0.398492,0.949501
9,μ=1*mt=9.124,0.403266,0.958306
9,μ=1*mt=9.124,0.40804,0.96707
9,μ=1*mt=9.124,0.412814,0.975824
9,μ=1*mt=9.124,0.417588,0.984582
9,μ=1*mt=9.124,0.422361,0.993339
9,μ=1*mt=9.124,0.427135,1.00208
9,μ=1*mt=9.124,0.431909,1.01079
9,μ=1*mt=9.124,0.436683,1.0194
9,μ=1*mt=9.124,0.441457,1.02793
9,μ=1*mt=9.124,0.446231,1.03642
9,μ=1*mt=9.124,0.451005,1.04489
9,μ=1*mt=9.124,0.455778,1.05334
9,μ=1*mt=9.124,0.460552,1.06172
9,μ=1*mt=9.124,0.465326,1.07002
9,μ=1*mt=9.124,0.4701,1.0782
9,μ=1*mt=9.124,0.474874,1.08626
9,μ=1*mt=9.124,0.479648,1.09421
9,μ=1*mt=9.124,0.484422,1.10207
9,μ=1*mt=9.124,0.489196,1.10986
9,μ=1*mt=9.124,0.493969,1.11754
9,μ=1*mt=9.124,0.498743,1.1251
9,μ=1*mt=9.124,0.503517,1.13252
9,μ=1*mt=9.124,0.508291,1.13976
9,μ=1*mt=9.124,0.513065,1.14683
9,μ=1*mt=9.124,0.517839,1.15371
9,μ=1*mt=9.124,0.522613,1.16041
9,μ=1*mt=9.124,0.527386,1.16694
9,μ=1*mt=9.124,0.53216,1.17332
9,μ=1*mt=9.124,0.536934,1.17954
9,μ=1*mt=9.124,0.541708,1.18552
9,μ=1*mt=9.124,0.546482,1.1912
9,μ=1*mt=9.124,0.551256,1.1966
9,μ=1*mt=9.124,0.55603,1.20173
9,μ=1*mt=9.124,0.560803,1.20664
9,μ=1*mt=9.124,0.565577,1.21128
9,μ=1*mt=9.124,0.570351,1.21562
9,μ=1*mt=9.124,0.575125,1.21964
9,μ=1*mt=9.124,0.579899,1.22334
9,μ=1*mt=9.124,0.584673,1.2267
9,μ=1*mt=9.124,0.589447,1.22971
9,μ=1*mt=9.124,0.594221,1.23234
9,μ=1*mt=9.124,0.598994,1.23457
9,μ=1*mt=9.124,0.603768,1.23638
9,μ=1*mt=9.124,0.608542,1.23775
9,μ=1*mt=9.124,0.613316,1.23868
9,μ=1*mt=9.124,0.61809,1.23921
9,μ=1*mt=9.124,0.622864,1.23928
9,μ=1*mt=9.124,0.627638,1.23884
9,μ=1*mt=9.124,0.632411,1.23786
9,μ=1*mt=9.124,0.637185,1.23633
9,μ=1*mt=9.124,0.641959,1.23429
9,μ=1*mt=9.124,0.646733,1.23173
9,μ=1*mt=9.124,0.651507,1.22857
9,μ=1*mt=9.124,0.656281,1.22479
9,μ=1*mt=9.124,0.661055,1.22037
9,μ=1*mt=9.124,0.665828,1.21531
9,μ=1*mt=9.124,0.670602,1.2096
9,μ=1*mt=9.124,0.675376,1.20326
9,μ=1*mt=9.124,0.68015,1.19629
9,μ=1*mt=9.124,0.684924,1.18861
9,μ=1*mt=9.124,0.689698,1.18013
9,μ=1*mt=9.124,0.694472,1.17088
9,μ=1*mt=9.124,0.699246,1.16097
9,μ=1*mt=9.124,0.704019,1.15047
9,μ=1*mt=9.124,0.708793,1.13923
9,μ=1*mt=9.124,0.713567,1.12702
9,μ=1*mt=9.124,0.718341,1.11385
9,μ=1*mt=9.124,0.723115,1.09995
9,μ=1*mt=9.124,0.727889,1.08551
9,μ=1*mt=9.124,0.732663,1.07037
9,μ=1*mt=9.124,0.737436,1.05428
9,μ=1*mt=9.124,0.74221,1.0372
9,μ=1*mt=9.124,0.746984,1.01931
9,μ=1*mt=9.124,0.751758,1.00079
9,μ=1*mt=9.124,0.756532,0.981619
9,μ=1*mt=9.124,0.761306,0.961702
9,μ=1*mt=9.124,0.76608,0.94099
9,μ=1*mt=9.124,0.770854,0.919485
9,μ=1*mt=9.124,0.775627,0.897199
9,μ=1*mt=9.124,0.780401,0.874186
9,μ=1*mt=9.124,0.785175,0.850519
9,μ=1*mt=9.124,0.789949,0.826264
9,μ=1*mt=9.124,0.794723,0.801479
9,μ=1*mt=9.124,0.799497,0.776216
9,μ=1*mt=9.124,0.804271,0.750478
9,μ=1*mt=9.124,0.809044,0.72425
9,μ=1*mt=9.124,0.813818,0.697553
9,μ=1*mt=9.124,0.818592,0.670469
9,μ=1*mt=9.124,0.823366,0.643091
9,μ=1*mt=9.124,0.82814,0.615529
9,μ=1*mt=9.124,0.832914,0.587897
9,μ=1*mt=9.124,0.837688,0.560212
9,μ=1*mt=9.124,0.842461,0.532304
9,μ=1*mt=9.124,0.847235,0.504029
9,μ=1*mt=9.124,0.852009,0.475674
9,μ=1*mt=9.124,0.856783,0.447744
9,μ=1*mt=9.124,0.861557,0.420544
9,μ=1*mt=9.124,0.866331,0.393959
9,μ=1*mt=9.124,0.871105,0.367822
9,μ=1*mt=9.124,0.875879,0.341951
9,μ=1*mt=9.124,0.880652,0.316163
9,μ=1*mt=9.124,0.885426,0.290524
9,μ=1*mt=9.124,0.8902,0.265684
9,μ=1*mt=9.124,0.894974,0.24231
9,μ=1*mt=9.124,0.899748,0.220362
9,μ=1*mt=9.124,0.904522,0.199345
9,μ=1*mt=9.124,0.909296,0.178886
9,μ=1*mt=9.124,0.914069,0.158941
9,μ=1*mt=9.124,0.918843,0.139546
9,μ=1*mt=9.124,0.923617,0.121103
9,μ=1*mt=9.124,0.928391,0.104271
9,μ=1*mt=9.124,0.933165,0.0894373
9,μ=1*mt=9.124,0.937939,0.0761965
9,μ=1*mt=9.124,0.942713,0.0640254
9,μ=1*mt=9.124,0.947486,0.052732
9,μ=1*mt=9.124,0.95226,0.0423831
9,μ=1*mt=9.124,0.957034,0.0330683
9,μ=1*mt=9.124,0.961808,0.0249275
9,μ=1*mt=9.124,0.966582,0.0181006
9,μ=1*mt=9.124,0.971356,0.0125445
9,μ=1*mt=9.124,0.97613,0.00805917
9,μ=1*mt=9.124,0.980904,0.00450103
9,μ=1*mt=9.124,0.985677,0.00194854
9,μ=1*mt=9.124,0.990451,0.00051562
9,μ=1*mt=9.124,0.995225,2.04924e-05
9,μ=1*mt=9.124,0.999999,-1.43965e-07
9,μ=2*mt=18.25,0.05,0.760425
9,μ=2*mt=18.25,0.0547739,0.734939
9,μ=2*mt=18.25,0.0595477,0.711848
9,μ=2*mt=18.25,0.0643216,0.693475
9,μ=2*mt=18.25,0.0690955,0.680211
9,μ=2*mt=18.25,0.0738693,0.670429
9,μ=2*mt=18.25,0.0786432,0.662647
9,μ=2*mt=18.25,0.0834171,0.656487
9,μ=2*mt=18.25,0.0881909,0.651875
9,μ=2*mt=18.25,0.0929648,0.648673
9,μ=2*mt=18.25,0.0977386,0.646664
9,μ=2*mt=18.25,0.102513,0.645636
9,μ=2*mt=18.25,0.107286,0.645434
9,μ=2*mt=18.25,0.11206,0.645916
9,μ=2*mt=18.25,0.116834,0.646988
9,μ=2*mt=18.25,0.121608,0.648614
9,μ=2*mt=18.25,0.126382,0.650755
9,μ=2*mt=18.25,0.131156,0.653349
9,μ=2*mt=18.25,0.13593,0.656327
9,μ=2*mt=18.25,0.140703,0.659635
9,μ=2*mt=18.25,0.145477,0.663246
9,μ=2*mt=18.25,0.150251,0.667136
9,μ=2*mt=18.25,0.155025,0.671281
9,μ=2*mt=18.25,0.159799,0.675658
9,μ=2*mt=18.25,0.164573,0.680249
9,μ=2*mt=18.25,0.169347,0.685037
9,μ=2*mt=18.25,0.17412,0.690007
9,μ=2*mt=18.25,0.178894,0.695146
9,μ=2*mt=18.25,0.183668,0.70044
9,μ=2*mt=18.25,0.188442,0.705877
9,μ=2*mt=18.25,0.193216,0.711446
9,μ=2*mt=18.25,0.19799,0.717135
9,μ=2*mt=18.25,0.202764,0.722933
9,μ=2*mt=18.25,0.207538,0.728827
9,μ=2*mt=18.25,0.212311,0.734809
9,μ=2*mt=18.25,0.217085,0.740884
9,μ=2*mt=18.25,0.221859,0.747059
9,μ=2*mt=18.25,0.226633,0.753331
9,μ=2*mt=18.25,0.231407,0.759694
9,μ=2*mt=18.25,0.236181,0.766134
9,μ=2*mt=18.25,0.240955,0.772625
9,μ=2*mt=18.25,0.245728,0.779142
9,μ=2*mt=18.25,0.250502,0.785699
9,μ=2*mt=18.25,0.255276,0.79233
9,μ=2*mt=18.25,0.26005,0.799051
9,μ=2*mt=18.25,0.264824,0.805831
9,μ=2*mt=18.25,0.269598,0.812633
9,μ=2*mt=18.25,0.274372,0.819451
9,μ=2*mt=18.25,0.279145,0.826299
9,μ=2*mt=18.25,0.283919,0.833187
9,μ=2*mt=18.25,0.288693,0.840116
9,μ=2*mt=18.25,0.293467,0.847082
9,μ=2*mt=18.25,0.298241,0.854075
9,μ=2*mt=18.25,0.303015,0.861078
9,μ=2*mt=18.25,0.307789,0.868081
9,μ=2*mt=18.25,0.312563,0.875097
9,μ=2*mt=18.25,0.317336,0.882139
9,μ=2*mt=18.25,0.32211,0.889204
9,μ=2*mt=18.25,0.326884,0.896273
9,μ=2*mt=18.25,0.331658,0.903332
9,μ=2*mt=18.25,0.336432,0.910381
9,μ=2*mt=18.25,0.341206,0.917428
9,μ=2*mt=18.25,0.34598,0.924472
9,μ=2*mt=18.25,0.350753,0.931512
9,μ=2*mt=18.25,0.355527,0.938541
9,μ=2*mt=18.25,0.360301,0.945551
9,μ=2*mt=18.25,0.365075,0.952531
9,μ=2*mt=18.25,0.369849,0.959479
9,μ=2*mt=18.25,0.374623,0.9664
9,μ=2*mt=18.25,0.379397,0.973299
9,μ=2*mt=18.25,0.384171,0.980166
9,μ=2*mt=18.25,0.388944,0.986994
9,μ=2*mt=18.25,0.393718,0.993774
9,μ=2*mt=18.25,0.398492,1.0005
9,μ=2*mt=18.25,0.403266,1.00717
9,μ=2*mt=18.25,0.40804,1.01379
9,μ=2*mt=18.25,0.412814,1.02034
9,μ=2*mt=18.25,0.417588,1.02684
9,μ=2*mt=18.25,0.422361,1.03327
9,μ=2*mt=18.25,0.427135,1.03962
9,μ=2*mt=18.25,0.431909,1.0459
9,μ=2*mt=18.25,0.436683,1.05207
9,μ=2*mt=18.25,0.441457,1.05814
9,μ=2*mt=18.25,0.446231,1.06411
9,μ=2*mt=18.25,0.451005,1.07
9,μ=2*mt=18.25,0.455778,1.07579
9,μ=2*mt=18.25,0.460552,1.08147
9,μ=2*mt=18.25,0.465326,1.08702
9,μ=2*mt=18.25,0.4701,1.09243
9,μ=2*mt=18.25,0.474874,1.09769
9,μ=2*mt=18.25,0.479648,1.10281
9,μ=2*mt=18.25,0.484422,1.10778
9,μ=2*mt=18.25,0.489196,1.11261
9,μ=2*mt=18.25,0.493969,1.11729
9,μ=2*mt=18.25,0.498743,1.1218
9,μ=2*mt=18.25,0.503517,1.12614
9,μ=2*mt=18.25,0.508291,1.13027
9,μ=2*mt=18.25,0.513065,1.13418
9,μ=2*mt=18.25,0.517839,1.13788
9,μ=2*mt=18.25,0.522613,1.14135
9,μ=2*mt=18.25,0.527386,1.14461
9,μ=2*mt=18.25,0.53216,1.14769
9,μ=2*mt=18.25,0.536934,1.15058
9,μ=2*mt=18.25,0.541708,1.1532
9,μ=2*mt=18.25,0.546482,1.15548
9,μ=2*mt=18.25,0.551256,1.15744
9,μ=2*mt=18.25,0.55603,1.15912
9,μ=2*mt=18.25,0.560803,1.16055
9,μ=2*mt=18.25,0.565577,1.16169
9,μ=2*mt=18.25,0.570351,1.16253
9,μ=2*mt=18.25,0.575125,1.16304
9,μ=2*mt=18.25,0.579899,1.16321
9,μ=2*mt=18.25,0.584673,1.16304
9,μ=2*mt=18.25,0.589447,1.1625
9,μ=2*mt=18.25,0.594221,1.16157
9,μ=2*mt=18.25,0.598994,1.16023
9,μ=2*mt=18.25,0.603768,1.15847
9,μ=2*mt=18.25,0.608542,1.1563
9,μ=2*mt=18.25,0.613316,1.15373
9,μ=2*mt=18.25,0.61809,1.15076
9,μ=2*mt=18.25,0.622864,1.14738
9,μ=2*mt=18.25,0.627638,1.14352
9,μ=2*mt=18.25,0.632411,1.13914
9,μ=2*mt=18.25,0.637185,1.13425
9,μ=2*mt=18.25,0.641959,1.12888
9,μ=2*mt=18.25,0.646733,1.12301
9,μ=2*mt=18.25,0.651507,1.11662
9,μ=2*mt=18.25,0.656281,1.10969
9,μ=2*mt=18.25,0.661055,1.1022
9,μ=2*mt=18.25,0.665828,1.09416
9,μ=2*mt=18.25,0.670602,1.08558
9,μ=2*mt=18.25,0.675376,1.07645
9,μ=2*mt=18.25,0.68015,1.06678
9,μ=2*mt=18.25,0.684924,1.0565
9,μ=2*mt=18.25,0.689698,1.04556
9,μ=2*mt=18.25,0.694472,1.03395
9,μ=2*mt=18.25,0.699246,1.0218
9,μ=2*mt=18.25,0.704019,1.00915
9,μ=2*mt=18.25,0.708793,0.995902
9,μ=2*mt=18.25,0.713567,0.98192
9,μ=2*mt=18.25,0.718341,0.967205
9,μ=2*mt=18.25,0.723115,0.951921
9,μ=2*mt=18.25,0.727889,0.936197
9,μ=2*mt=18.25,0.732663,0.919936
9,μ=2*mt=18.25,0.737436,0.902976
9,μ=2*mt=18.25,0.74221,0.885283
9,μ=2*mt=18.25,0.746984,0.866987
9,μ=2*mt=18.25,0.751758,0.848206
9,μ=2*mt=18.25,0.756532,0.828943
9,μ=2*mt=18.25,0.761306,0.809159
9,μ=2*mt=18.25,0.76608,0.788842
9,μ=2*mt=18.25,0.770854,0.768007
9,μ=2*mt=18.25,0.775627,0.746675
9,μ=2*mt=18.25,0.780401,0.724866
9,μ=2*mt=18.25,0.785175,0.702604
9,μ=2*mt=18.25,0.789949,0.679946
9,μ=2*mt=18.25,0.794723,0.657004
9,μ=2*mt=18.25,0.799497,0.633876
9,μ=2*mt=18.25,0.804271,0.610545
9,μ=2*mt=18.25,0.809044,0.586942
9,μ=2*mt=18.25,0.813818,0.563061
9,μ=2*mt=18.25,0.818592,0.538995
9,μ=2*mt=18.25,0.823366,0.514851
9,μ=2*mt=18.25,0.82814,0.490739
9,μ=2*mt=18.25,0.832914,0.466772
9,μ=2*mt=18.25,0.837688,0.442962
9,μ=2*mt=18.25,0.842461,0.419135
9,μ=2*mt=18.25,0.847235,0.395144
9,μ=2*mt=18.25,0.852009,0.371228
9,μ=2*mt=18.25,0.856783,0.34783
9,μ=2*mt=18.25,0.861557,0.325216
9,μ=2*mt=18.25,0.866331,0.303273
9,μ=2*mt=18.25,0.871105,0.281847
9,μ=2*mt=18.25,0.875879,0.260784
9,μ=2*mt=18.25,0.880652,0.239937
9,μ=2*mt=18.25,0.885426,0.219353
9,μ=2*mt=18.25,0.8902,0.19953
9,μ=2*mt=18.25,0.894974,0.180983
9,μ=2*mt=18.25,0.899748,0.163674
9,μ=2*mt=18.25,0.904522,0.147214
9,μ=2*mt=18.25,0.909296,0.13131
9,μ=2*mt=18.25,0.914069,0.115931
9,μ=2*mt=18.25,0.918843,0.101104
9,μ=2*mt=18.25,0.923617,0.0871149
9,μ=2*mt=18.25,0.928391,0.0744264
9,μ=2*mt=18.25,0.933165,0.0633083
9,μ=2*mt=18.25,0.937939,0.0534639
9,μ=2*mt=18.25,0.942713,0.0445125
9,μ=2*mt=18.25,0.947486,0.0363219
9,μ=2*mt=18.25,0.95226,0.0289546
9,μ=2*mt=18.25,0.957034,0.0224615
9,μ=2*mt=18.25,0.961808,0.0168418
9,μ=2*mt=18.25,0.966582,0.0120828
9,μ=2*mt=18.25,0.971356,0.0081452
9,μ=2*mt=18.25,0.97613,0.00496661
9,μ=2*mt=18.25,0.980904,0.00250896
9,μ=2*mt=18.25,0.985677,0.000823837
9,μ=2*mt=18.25,0.990451,-2.69579e-05
9,μ=2*mt=18.25,0.995225,-0.000187956
9,μ=2*mt=18.25,0.999999,-1.50702e-07
  
  
  
